{"cameraMode":{"drawMode":0,"name":"Shaded","section":"Shading Mode"},"sceneLighting":true,"audioPlay":false,"sceneViewState":{"m_AlwaysRefresh":false,"showFog":true,"showSkybox":true,"showFlares":true,"showImageEffects":true,"showParticleSystems":true,"showVisualEffectGraphs":true,"m_FxEnabled":true},"in2DMode":false,"pivot":{"x":40.77703094482422,"y":6.137602806091309,"z":1.1245085000991822},"rotation":{"x":-0.0019400478340685368,"y":0.9940134882926941,"z":-0.10777289420366287,"w":-0.017894113436341287},"size":50.479827880859378,"orthographic":false}