{"cameraMode":{"drawMode":0,"name":"Shaded","section":"Shading Mode"},"sceneLighting":false,"audioPlay":false,"sceneViewState":{"m_AlwaysRefresh":false,"showFog":true,"showSkybox":false,"showFlares":true,"showImageEffects":true,"showParticleSystems":true,"showVisualEffectGraphs":true,"m_FxEnabled":true},"in2DMode":false,"pivot":{"x":44.22930145263672,"y":1.4037927389144898,"z":0.01869833469390869},"rotation":{"x":0.0023533112835139038,"y":-0.9973881840705872,"z":0.06141696125268936,"w":0.038315482437610629},"size":1.7681050300598145,"orthographic":false}