{"cameraMode":{"drawMode":0,"name":"Shaded","section":"Shading Mode"},"sceneLighting":false,"audioPlay":false,"sceneViewState":{"m_AlwaysRefresh":false,"showFog":true,"showSkybox":false,"showFlares":true,"showImageEffects":true,"showParticleSystems":true,"showVisualEffectGraphs":true,"m_FxEnabled":true},"in2DMode":false,"pivot":{"x":45.42438507080078,"y":3.534295082092285,"z":-2.8533248901367189},"rotation":{"x":-0.0027675728779286148,"y":0.9820327162742615,"z":-0.18816092610359193,"w":-0.014434820041060448},"size":16.684478759765626,"orthographic":false}